{"cameraMode":{"drawMode":0,"name":"Shaded","section":"Shading Mode"},"sceneLighting":false,"audioPlay":false,"sceneViewState":{"m_AlwaysRefresh":false,"showFog":true,"showSkybox":false,"showFlares":true,"showImageEffects":true,"showParticleSystems":true,"showVisualEffectGraphs":true,"m_FxEnabled":true},"in2DMode":false,"pivot":{"x":0.47473981976509097,"y":-0.748448371887207,"z":-5.978257179260254},"rotation":{"x":-0.004409313667565584,"y":-0.9951066374778748,"z":0.08109258115291596,"w":-0.055001530796289447},"size":5.158038139343262,"orthographic":false}